asasdean,19
avasdean,22
auasdean,21
azasdean,26
atasdean,20
ayasdean,25
alaudi,12
ahdean,8
brvlsilab,46
apaudi2,16
brcomplab,45
bmcomlab,40
bocomlab,42
bqcomlab,44
bncomlab,41
aoaudi,15
bpcomlab,43
bsvlsilab,47
axaudi3,24
btvlsilab,48
akaudi,11
bvdsp,50
bimplab,36
abgate,2
baaudi4,27
bkmplab,38
agdean,7
anaudi,14
ajaudi,10
agate,6
aagate,1
aqaudi2,17
aecentre,4
awaudi3,23
adcentre,3
bestairs,32
afcentre,5
amaudi,13
bgstairs,34
bdstairs,31
bfstairs,33
bcstairs,30
araudi 2,18
bcaudi 4,29
bhmplab,35
aidean,9
bjmplab,37
bbaudi4,28
budsp,49
blmplab,39
